{
  "retrieval_time": {
    "without_reranking": {
      "mean": 0.015623857975006103,
      "std": 0.013230415535152251,
      "median": 0.01443624496459961
    },
    "with_reranking": {
      "mean": 0.01352752685546875,
      "std": 0.002367814768527066,
      "median": 0.013422012329101562
    },
    "improvement_percent": -13.417499844730473
  },
  "reranking_time": {
    "without_reranking": {
      "mean": 0.0,
      "std": 0.0,
      "median": 0.0
    },
    "with_reranking": {
      "mean": 0.04676335334777832,
      "std": 0.026600628525986606,
      "median": 0.04162311553955078
    },
    "improvement_percent": 0
  },
  "total_time": {
    "without_reranking": {
      "mean": 0.015623857975006103,
      "std": 0.013230415535152251,
      "median": 0.01443624496459961
    },
    "with_reranking": {
      "mean": 0.06029088020324707,
      "std": 0.02713223884278511,
      "median": 0.055145263671875
    },
    "improvement_percent": 285.8898378345219
  },
  "precision@1": {
    "without_reranking": {
      "mean": 1.0,
      "std": 0.0,
      "median": 1.0
    },
    "with_reranking": {
      "mean": 1.0,
      "std": 0.0,
      "median": 1.0
    },
    "improvement_percent": 0.0
  },
  "recall@1": {
    "without_reranking": {
      "mean": 0.5,
      "std": 0.0,
      "median": 0.5
    },
    "with_reranking": {
      "mean": 0.5,
      "std": 0.0,
      "median": 0.5
    },
    "improvement_percent": 0.0
  },
  "hit_rate@1": {
    "without_reranking": {
      "mean": 1.0,
      "std": 0.0,
      "median": 1.0
    },
    "with_reranking": {
      "mean": 1.0,
      "std": 0.0,
      "median": 1.0
    },
    "improvement_percent": 0.0
  },
  "f1@1": {
    "without_reranking": {
      "mean": 0.6666666666666669,
      "std": 2.2316322462394835e-16,
      "median": 0.6666666666666666
    },
    "with_reranking": {
      "mean": 0.6666666666666669,
      "std": 2.2316322462394835e-16,
      "median": 0.6666666666666666
    },
    "improvement_percent": 0.0
  },
  "precision@3": {
    "without_reranking": {
      "mean": 1.0,
      "std": 0.0,
      "median": 1.0
    },
    "with_reranking": {
      "mean": 1.0,
      "std": 0.0,
      "median": 1.0
    },
    "improvement_percent": 0.0
  },
  "recall@3": {
    "without_reranking": {
      "mean": 0.5,
      "std": 0.0,
      "median": 0.5
    },
    "with_reranking": {
      "mean": 0.5,
      "std": 0.0,
      "median": 0.5
    },
    "improvement_percent": 0.0
  },
  "hit_rate@3": {
    "without_reranking": {
      "mean": 1.0,
      "std": 0.0,
      "median": 1.0
    },
    "with_reranking": {
      "mean": 1.0,
      "std": 0.0,
      "median": 1.0
    },
    "improvement_percent": 0.0
  },
  "f1@3": {
    "without_reranking": {
      "mean": 0.6666666666666669,
      "std": 2.2316322462394835e-16,
      "median": 0.6666666666666666
    },
    "with_reranking": {
      "mean": 0.6666666666666669,
      "std": 2.2316322462394835e-16,
      "median": 0.6666666666666666
    },
    "improvement_percent": 0.0
  },
  "precision@5": {
    "without_reranking": {
      "mean": 1.0,
      "std": 0.0,
      "median": 1.0
    },
    "with_reranking": {
      "mean": 1.0,
      "std": 0.0,
      "median": 1.0
    },
    "improvement_percent": 0.0
  },
  "recall@5": {
    "without_reranking": {
      "mean": 0.5,
      "std": 0.0,
      "median": 0.5
    },
    "with_reranking": {
      "mean": 0.5,
      "std": 0.0,
      "median": 0.5
    },
    "improvement_percent": 0.0
  },
  "hit_rate@5": {
    "without_reranking": {
      "mean": 1.0,
      "std": 0.0,
      "median": 1.0
    },
    "with_reranking": {
      "mean": 1.0,
      "std": 0.0,
      "median": 1.0
    },
    "improvement_percent": 0.0
  },
  "f1@5": {
    "without_reranking": {
      "mean": 0.6666666666666669,
      "std": 2.2316322462394835e-16,
      "median": 0.6666666666666666
    },
    "with_reranking": {
      "mean": 0.6666666666666669,
      "std": 2.2316322462394835e-16,
      "median": 0.6666666666666666
    },
    "improvement_percent": 0.0
  },
  "precision@10": {
    "without_reranking": {
      "mean": 1.0,
      "std": 0.0,
      "median": 1.0
    },
    "with_reranking": {
      "mean": 1.0,
      "std": 0.0,
      "median": 1.0
    },
    "improvement_percent": 0.0
  },
  "recall@10": {
    "without_reranking": {
      "mean": 0.5,
      "std": 0.0,
      "median": 0.5
    },
    "with_reranking": {
      "mean": 0.5,
      "std": 0.0,
      "median": 0.5
    },
    "improvement_percent": 0.0
  },
  "hit_rate@10": {
    "without_reranking": {
      "mean": 1.0,
      "std": 0.0,
      "median": 1.0
    },
    "with_reranking": {
      "mean": 1.0,
      "std": 0.0,
      "median": 1.0
    },
    "improvement_percent": 0.0
  },
  "f1@10": {
    "without_reranking": {
      "mean": 0.6666666666666669,
      "std": 2.2316322462394835e-16,
      "median": 0.6666666666666666
    },
    "with_reranking": {
      "mean": 0.6666666666666669,
      "std": 2.2316322462394835e-16,
      "median": 0.6666666666666666
    },
    "improvement_percent": 0.0
  },
  "ndcg@1": {
    "without_reranking": {
      "mean": 0.0,
      "std": 0.0,
      "median": 0.0
    },
    "with_reranking": {
      "mean": 0.0,
      "std": 0.0,
      "median": 0.0
    },
    "improvement_percent": 0
  },
  "ndcg@3": {
    "without_reranking": {
      "mean": 1.0,
      "std": 0.0,
      "median": 1.0
    },
    "with_reranking": {
      "mean": 1.0,
      "std": 0.0,
      "median": 1.0
    },
    "improvement_percent": 0.0
  },
  "ndcg@5": {
    "without_reranking": {
      "mean": 1.0,
      "std": 0.0,
      "median": 1.0
    },
    "with_reranking": {
      "mean": 1.0,
      "std": 0.0,
      "median": 1.0
    },
    "improvement_percent": 0.0
  },
  "ndcg@10": {
    "without_reranking": {
      "mean": 1.0,
      "std": 0.0,
      "median": 1.0
    },
    "with_reranking": {
      "mean": 1.0,
      "std": 0.0,
      "median": 1.0
    },
    "improvement_percent": 0.0
  },
  "mrr": {
    "without_reranking": {
      "mean": 1.0,
      "std": 0.0,
      "median": 1.0
    },
    "with_reranking": {
      "mean": 1.0,
      "std": 0.0,
      "median": 1.0
    },
    "improvement_percent": 0.0
  },
  "map": {
    "without_reranking": {
      "mean": 10.0,
      "std": 0.0,
      "median": 10.0
    },
    "with_reranking": {
      "mean": 10.0,
      "std": 0.0,
      "median": 10.0
    },
    "improvement_percent": 0.0
  }
}