model,database,queries_count,avg_query_time_ms,queries_per_second,precision@1,recall@1,hit_rate@1,ndcg@1,precision@3,recall@3,hit_rate@3,ndcg@3,precision@5,recall@5,hit_rate@5,ndcg@5,precision@10,recall@10,hit_rate@10,ndcg@10
bge-m3,qdrant,100,16.386423110961914,61.02613079306104,0.83,0.3603333333333334,0.83,0.0,0.5166666666666666,0.6748333333333334,0.94,0.8931898867742553,0.36200000000000004,0.7748333333333334,0.96,0.8798356117401144,0.205,0.8681666666666666,0.98,0.8623632281489914
bge-m3,chromadb,100,3.3801889419555664,295.8414506324793,0.81,0.3503333333333334,0.81,0.0,0.49999999999999994,0.6498333333333334,0.92,0.8731898867742552,0.3500000000000001,0.7448333333333333,0.94,0.8610634585867339,0.19799999999999998,0.8331666666666666,0.95,0.8390867737749338
all-minilm,qdrant,100,13.869571685791016,72.10027985395337,0.68,0.29333333333333333,0.68,0.0,0.4,0.5178333333333333,0.92,0.811552177415739,0.29,0.6173333333333333,0.95,0.8104685297386182,0.17300000000000001,0.7331666666666666,0.98,0.7933971233613046
all-minilm,chromadb,100,2.272462844848633,440.0511991942422,0.67,0.28833333333333333,0.67,0.0,0.39666666666666667,0.5095,0.91,0.8008678463804826,0.27999999999999997,0.5953333333333333,0.94,0.8011645544512035,0.16699999999999998,0.7044999999999999,0.98,0.7904761407405494
