reranker,model,precision@1,recall@1,hit_rate@1,ndcg@1,precision@3,recall@3,hit_rate@3,ndcg@3,precision@5,recall@5,hit_rate@5,ndcg@5,precision@10,recall@10,hit_rate@10,ndcg@10,map,mrr,avg_retrieval_time,avg_reranking_time,total_processing_time
No Reranker,,0.0,0.0,0.0,0.7,0.0,0.0,0.0,0.8088781282377517,0.0,0.0,0.0,0.8071721871184586,0.0,0.0,0.0,0.8048523342069851,0.0,0.0,0.03269038200378418,0.0,0.03269038200378418
BGE Reranker Base,BAAI/bge-reranker-base,0.0,0.0,0.0,0.5,0.0,0.0,0.0,0.7593562270371802,0.0,0.0,0.0,0.8405374235716586,0.0,0.0,0.0,0.8141579198503847,0.0,0.0,0.00951845645904541,0.31977014541625975,0.3292886018753052
BGE Reranker Large,BAAI/bge-reranker-large,0.0,0.0,0.0,0.6,0.0,0.0,0.0,0.7446634184725907,0.0,0.0,0.0,0.7448389700956187,0.0,0.0,0.0,0.7484194187950213,0.0,0.0,0.010548639297485351,1.0244431734085082,1.0349918127059936
BGE Reranker v2-M3,BAAI/bge-reranker-v2-m3,0.0,0.0,0.0,0.7,0.0,0.0,0.0,0.7538059378607863,0.0,0.0,0.0,0.7396258328566194,0.0,0.0,0.0,0.8099369797011094,0.0,0.0,0.011892390251159669,53.77959837913513,53.79149076938629
