reranker,model,precision@1,recall@1,hit_rate@1,ndcg@1,precision@3,recall@3,hit_rate@3,ndcg@3,precision@5,recall@5,hit_rate@5,ndcg@5,precision@10,recall@10,hit_rate@10,ndcg@10,map,mrr,avg_retrieval_time,avg_reranking_time,total_processing_time
No Reranker,,0.0,0.0,0.0,0.0,0.0,0.0,0.0,0.5654648767857287,0.0,0.0,0.0,0.6396268757221019,0.0,0.0,0.0,0.7635979242023723,0.0,0.0,0.02866199016571045,0.0,0.02866199016571045
BGE Reranker Base,BAAI/bge-reranker-base,0.0,0.0,0.0,0.0,0.0,0.0,0.0,0.5488153892673833,0.0,0.0,0.0,0.7265405325548243,0.0,0.0,0.0,0.7531212076187453,0.0,0.0,0.008937811851501465,0.3223910331726074,0.33132884502410886
BGE Reranker Large,BAAI/bge-reranker-large,0.0,0.0,0.0,0.0,0.0,0.0,0.0,0.48973028615104447,0.0,0.0,0.0,0.4982532644912926,0.0,0.0,0.0,0.5964491998482366,0.0,0.0,0.011335301399230956,1.0039172887802124,1.0152525901794434
BGE Reranker v2-M3,BAAI/bge-reranker-v2-m3,0.0,0.0,0.0,0.0,0.0,0.0,0.0,0.4573461577228192,0.0,0.0,0.0,0.46435453735407567,0.0,0.0,0.0,0.6711556293079314,0.0,0.0,0.01969451904296875,29.23971164226532,29.259406161308288
